Workbook

Sheet Duplicate actual
B1: Name | C1: Month | D1: Category | E1: Product Name | F1: Region | G1: City | H1: State | I1: Gender | J1: Quantity | K1: Rate | L1: Amount
B2: Bharat Innovations | C2: January | D2: Electronic | E2: Speaker | F2: North | G2: Delhi | H2: Delhi | I2: Male | J2: 4292 | K2: 783 | L2: 3360636
B3: Green Leaf Enterprises | C3: January | D3: Electronic | E3: Earbuds | F3: West | G3: Mumbai | H3: Maharashtra | I3: Male | J3: 8037 | K3: 578 | L3: 4645386
B4: Urban Pulse Technologies | C4: January | D4: Electronic | E4: Earbuds | F4: East | G4: Kolkata | H4: West Bengal | I4: Male | J4: 2415 | K4: 631 | L4: 1523865
B5: Mystic India Exports | C5: January | D5: Electronic | E5: Earbuds | F5: South | G5: Chennai | H5: Tamil Nadu | I5: Male | J5: 3941 | K5: 905 | L5: 3566605
B6: Golden Horizon Ventures | C6: January | D6: Fashion | E6: Women dress | F6: South | G6: Bengaluru | H6: Karnataka | I6: Male | J6: 4607 | K6: 813 | L6: 3745491
B7: Eternal Traditions | C7: January | D7: Fashion | E7: Women dress | F7: South | G7: Hyderabad | H7: Telangana | I7: Male | J7: 4261 | K7: 954 | L7: 4064994
B8: Apex Solutions | C8: January | D8: Fashion | E8: Women dress | F8: West | G8: Ahmedabad | H8: Gujarat | I8: Male | J8: 9084 | K8: 610 | L8: 5541240
B9: Crystal Waters Resort | C9: January | D9: Fashion | E9: Saree | F9: North (Union Territory) | G9: Chandigarh | H9: Chandigarh | I9: Female | J9: 9102 | K9: 894 | L9: 8137188
B10: Excellence Tutors | C10: January | D10: Fashion | E10: Saree | F10: Central | G10: Bhopal | H10: Madhya Pradesh | I10: Female | J10: 3887 | K10: 912 | L10: 3544944
B11: Horizon Builders | C11: January | D11: Fashion | E11: Saree | F11: South | G11: Visakhapatnam | H11: Andhra Pradesh | I11: Male | J11: 9519 | K11: 970 | L11: 9233430
B12: Synergy Tech Solutions | C12: January | D12: Fashion | E12: Saree | F12: East | G12: Patna | H12: Bihar | I12: Male | J12: 8983 | K12: 840 | L12: 7545720
B13: Classic Heritage Crafts | C13: January | D13: Fashion | E13: Saree | F13: West | G13: Vadodara | H13: Gujarat | I13: Male | J13: 6892 | K13: 643 | L13: 4431556
... B437: Elite Creative Solutions | C437: December | D437: Decor | E437: Car accessories | F437: Central | G437: Raipur | H437: Chhattisgarh | I437: Female | J437: 7071 | K437: 778 | L437: 5501238

Sheet actual
A1: Name | B1: Category | C1: Product Name | D1: Region | E1: City | F1: State | G1: Gender | H1: Quantity | I1: Rate | J1: Amount
A2: Bharat Innovations | B2: Electronic | C2: Speaker | D2: North | E2: Delhi | F2: Delhi | G2: Male | H2: 4292 | I2: 783 | J2: 3360636
A3: Green Leaf Enterprises | B3: Electronic | C3: Earbuds | D3: West | E3: Mumbai | F3: Maharashtra | G3: Male | H3: 8037 | I3: 578 | J3: 4645386
A4: Urban Pulse Technologies | B4: Electronic | C4: Earbuds | D4: East | E4: Kolkata | F4: West Bengal | G4: Male | H4: 2415 | I4: 631 | J4: 1523865
A5: Mystic India Exports | B5: Electronic | C5: Earbuds | D5: South | E5: Chennai | F5: Tamil Nadu | G5: Male | H5: 3941 | I5: 905 | J5: 3566605
A6: Golden Horizon Ventures | B6: Fashion | C6: Women dress | D6: South | E6: Bengaluru | F6: Karnataka | G6: Male | H6: 4607 | I6: 813 | J6: 3745491
A7: Eternal Traditions | B7: Fashion | C7: Women dress | D7: South | E7: Hyderabad | F7: Telangana | G7: Male | H7: 4261 | I7: 954 | J7: 4064994
A8: Apex Solutions | B8: Fashion | C8: Women dress | D8: West | E8: Ahmedabad | F8: Gujarat | G8: Male | H8: 9084 | I8: 610 | J8: 5541240
A9: Harmony Foods | B9: Fashion | C9: Women dress | D9: West | E9: Pune | F9: Maharashtra | G9: Male | H9: 6694 | I9: 742 | J9: 4966948
A10: Pure Essence Skincare | B10: Electronic | C10: Speaker | D10: North | E10: Jaipur | F10: Rajasthan | G10: Female | H10: 2678 | I10: 567 | J10: 1518426
A11: Zenith Construction Co. | B11: Electronic | C11: Speaker | D11: West | E11: Surat | F11: Gujarat | G11: Female | H11: 1631 | I11: 508 | J11: 828548
A12: Radiant Health Systems | B12: Electronic | C12: Speaker | D12: North | E12: Lucknow | F12: Uttar Pradesh | G12: Female | H12: 4171 | I12: 643 | J12: 2681953
A13: Divine Creations | B13: Electronic | C13: Speaker | D13: North | E13: Kanpur | F13: Uttar Pradesh | G13: Female | H13: 4283 | I13: 804 | J13: 3443532
... A331: Legacy Health Co. | B331: Fashion | C331: Suit | D331: North | E331: Amritsar | F331: Punjab | G331: Male | H331: 5246 | I331: 653 | J331: 3425638
J332: =SUBTOTAL(9,J2:J331) -> 1386308853

Sheet pivot table
A1: State | B1: (All)
A2: Gender | B2: (All)
A4: Sum of Quantity | B4: Column Labels
A5: Row Labels | B5: Car accessories | C5: Earbuds | D5: Home décor | E5: Laptop | F5: Male dress | G5: Saree | H5: Speaker | I5: Suit | J5: TV | K5: Women dress | L5: (blank) | M5: Grand Total
A6: Central | B6: 16882 | D6: 28813 | E6: 18058 | F6: 4667 | G6: 33590 | H6: 16766 | I6: 45197 | J6: 16733 | M6: 180706
A7: East | B7: 28800 | C7: 8548 | D7: 57163 | E7: 51405 | F7: 19912 | G7: 74358 | H7: 12888 | I7: 61761 | J7: 16635 | M7: 331470
A8: North | B8: 36812 | C8: 11092 | D8: 87683 | E8: 104738 | F8: 15615 | G8: 151995 | H8: 20935 | I8: 83922 | J8: 49136 | K8: 13368 | M8: 575296
A9: North (Union Territory) | D9: 4794 | E9: 8431 | F9: 3669 | G9: 9102 | I9: 6210 | J9: 7924 | M9: 40130
A10: Northeast | B10: 1921 | D10: 8143 | E10: 14563 | G10: 11647 | H10: 6331 | I10: 5987 | J10: 3010 | M10: 51602
A11: South | B11: 22568 | C11: 3941 | D11: 49631 | E11: 68490 | F11: 15877 | G11: 86208 | H11: 2428 | I11: 64333 | J11: 20379 | K11: 16248 | M11: 350103
A12: West | B12: 9076 | C12: 8037 | D12: 63438 | E12: 58210 | F12: 20382 | G12: 80661 | H12: 5880 | I12: 39967 | J12: 27155 | K12: 18218 | M12: 331024
A13: (blank)
A14: Grand Total | B14: 116059 | C14: 31618 | D14: 299665 | E14: 323895 | F14: 80122 | G14: 447561 | H14: 65228 | I14: 307377 | J14: 140972 | K14: 47834 | M14: 1860331

Sheet pivot chart
A2: State | B2: (All)
A3: Gender | B3: Male
A4: Rate | B4: (All)
B6: Column Labels
B7: Electronic | D7: Total Average of Amount | E7: Total Sum of Quantity
A8: Row Labels | B8: Average of Amount | C8: Sum of Quantity
A9: Earbuds | B9: 2987265 | C9: 24229 | D9: 2987265 | E9: 24229
A10: Laptop | B10: 3721130.1 | C10: 128505 | D10: 3721130.1 | E10: 128505
A11: Speaker | B11: 4477042.8 | C11: 23204 | D11: 4477042.8 | E11: 23204
A12: TV | B12: 4132453.1 | C12: 92767 | D12: 4132453.1 | E12: 92767
A13: Grand Total | B13: 3848066.4 | C13: 268705 | D13: 3848066.4 | E13: 268705

Sheet vlookup
A1: Name | B1: Category | C1: Product Name | D1: Region | E1: City | F1: State | G1: Gender
A2: Harmony Foods | B2: {=VLOOKUP($A2,actual!$A$2:$J$331,{2,3,4,5,6,7},FALSE)} -> Fashion | C2: Women dress | D2: West | E2: Pune | F2: Maharashtra | G2: Male
A3: Legacy Innovations | B3: {=VLOOKUP($A3,actual!$A$2:$J$331,{2,3,4,5,6,7},FALSE)} -> Fashion | C3: Suit | D3: South | E3: Chennai | F3: Tamil Nadu | G3: Female
A4: Apex Realty Services | B4: {=VLOOKUP($A4,actual!$A$2:$J$331,{2,3,4,5,6,7},FALSE)} -> Fashion | C4: Suit | D4: Central | E4: Indore | F4: Madhya Pradesh | G4: Male
A5: Apex Travel Ventures | B5: {=VLOOKUP($A5,actual!$A$2:$J$331,{2,3,4,5,6,7},FALSE)} -> Electronic | C5: Laptop | D5: Northeast | E5: Guwahati | F5: Assam | G5: Female
A6: Pure Health Ventures | B6: {=VLOOKUP($A6,actual!$A$2:$J$331,{2,3,4,5,6,7},FALSE)} -> Fashion | C6: Saree | D6: South | E6: Madurai | F6: Tamil Nadu | G6: Female
A7: Radiant Ventures | B7: {=VLOOKUP($A7,actual!$A$2:$J$331,{2,3,4,5,6,7},FALSE)} -> Electronic | C7: Laptop | D7: North | E7: Shimla | F7: Himachal Pradesh | G7: Female
A8: Synergy Tech Solutions | B8: {=VLOOKUP($A8,actual!$A$2:$J$331,{2,3,4,5,6,7},FALSE)} -> Fashion | C8: Saree | D8: East | E8: Patna | F8: Bihar | G8: Male
A9: Visionary Tours | B9: {=VLOOKUP($A9,actual!$A$2:$J$331,{2,3,4,5,6,7},FALSE)} -> Fashion | C9: Suit | D9: North | E9: Dehradun | F9: Uttarakhand | G9: Female
A10: Classic Heritage Crafts | B10: {=VLOOKUP($A10,actual!$A$2:$J$331,{2,3,4,5,6,7},FALSE)} -> Fashion | C10: Saree | D10: West | E10: Vadodara | F10: Gujarat | G10: Male

Sheet xlookup
A1: Name | B1: Category | C1: Product Name | D1: Region | E1: City | F1: State | G1: Gender
A2: Harmony Foods | B2: {=_xlfn.XLOOKUP($A2,actual!$A$2:$A$331,actual!$B$2:$G$331)} -> Fashion | C2: Women dress | D2: West | E2: Pune | F2: Maharashtra | G2: Male
A3: Legacy Innovations | B3: {=_xlfn.XLOOKUP($A3,actual!$A$2:$A$331,actual!$B$2:$G$331)} -> Fashion | C3: Suit | D3: South | E3: Chennai | F3: Tamil Nadu | G3: Female
A4: Apex Realty Services | B4: {=_xlfn.XLOOKUP($A4,actual!$A$2:$A$331,actual!$B$2:$G$331)} -> Fashion | C4: Suit | D4: Central | E4: Indore | F4: Madhya Pradesh | G4: Male
A5: Apex Travel Ventures | B5: {=_xlfn.XLOOKUP($A5,actual!$A$2:$A$331,actual!$B$2:$G$331)} -> Electronic | C5: Laptop | D5: Northeast | E5: Guwahati | F5: Assam | G5: Female
A6: Pure Health Ventures | B6: {=_xlfn.XLOOKUP($A6,actual!$A$2:$A$331,actual!$B$2:$G$331)} -> Fashion | C6: Saree | D6: South | E6: Madurai | F6: Tamil Nadu | G6: Female
A7: Radiant Ventures | B7: {=_xlfn.XLOOKUP($A7,actual!$A$2:$A$331,actual!$B$2:$G$331)} -> Electronic | C7: Laptop | D7: North | E7: Shimla | F7: Himachal Pradesh | G7: Female
A8: Synergy Tech Solutions | B8: {=_xlfn.XLOOKUP($A8,actual!$A$2:$A$331,actual!$B$2:$G$331)} -> Fashion | C8: Saree | D8: East | E8: Patna | F8: Bihar | G8: Male
A9: Visionary Tours | B9: {=_xlfn.XLOOKUP($A9,actual!$A$2:$A$331,actual!$B$2:$G$331)} -> Fashion | C9: Suit | D9: North | E9: Dehradun | F9: Uttarakhand | G9: Female
A10: Classic Heritage Crafts | B10: {=_xlfn.XLOOKUP($A10,actual!$A$2:$A$331,actual!$B$2:$G$331)} -> Fashion | C10: Saree | D10: West | E10: Vadodara | F10: Gujarat | G10: Male

Sheet Index + Match 
A1: Name | B1: Category | C1: Product Name | D1: Region | E1: City | F1: State | G1: Gender
A2: Harmony Foods | B2: {=INDEX(actual!A2:J331,MATCH('Index + Match '!A2:A10,actual!A2:A331,0),MATCH('Index + Match '!B1:G1,actual!B1:G1,0))} -> Harmony Foods | C2: Fashion | D2: Women dress | E2: West | F2: Pune | G2: Maharashtra
A3: Legacy Innovations | B3: Legacy Innovations | C3: Fashion | D3: Suit | E3: South | F3: Chennai | G3: Tamil Nadu
A4: Apex Realty Services | B4: Apex Realty Services | C4: Fashion | D4: Suit | E4: Central | F4: Indore | G4: Madhya Pradesh
A5: Apex Travel Ventures | B5: Apex Travel Ventures | C5: Electronic | D5: Laptop | E5: Northeast | F5: Guwahati | G5: Assam
A6: Pure Health Ventures | B6: Pure Health Ventures | C6: Fashion | D6: Saree | E6: South | F6: Madurai | G6: Tamil Nadu
A7: Radiant Ventures | B7: Radiant Ventures | C7: Electronic | D7: Laptop | E7: North | F7: Shimla | G7: Himachal Pradesh
A8: Synergy Tech Solutions | B8: Synergy Tech Solutions | C8: Fashion | D8: Saree | E8: East | F8: Patna | G8: Bihar
A9: Visionary Tours | B9: Visionary Tours | C9: Fashion | D9: Suit | E9: North | F9: Dehradun | G9: Uttarakhand
A10: Classic Heritage Crafts | B10: Classic Heritage Crafts | C10: Fashion | D10: Saree | E10: West | F10: Vadodara | G10: Gujarat

Sheet Filter
B2: Create Search Box Using Filter Formula
B4: Electronic
B10: Name | C10: Category | D10: Product Name | E10: Region | F10: City | G10: State | H10: Gender
B11: {=_xlfn._xlws.FILTER(actual!A2:J331,Filter!B4=actual!B2:B331)} -> Bharat Innovations | C11: Electronic | D11: Speaker | E11: North | F11: Delhi | G11: Delhi | H11: Male | I11: 4292 | J11: 783 | K11: 3360636
B12: Green Leaf Enterprises | C12: Electronic | D12: Earbuds | E12: West | F12: Mumbai | G12: Maharashtra | H12: Male | I12: 8037 | J12: 578 | K12: 4645386
B13: Urban Pulse Technologies | C13: Electronic | D13: Earbuds | E13: East | F13: Kolkata | G13: West Bengal | H13: Male | I13: 2415 | J13: 631 | K13: 1523865
B14: Mystic India Exports | C14: Electronic | D14: Earbuds | E14: South | F14: Chennai | G14: Tamil Nadu | H14: Male | I14: 3941 | J14: 905 | K14: 3566605
B15: Pure Essence Skincare | C15: Electronic | D15: Speaker | E15: North | F15: Jaipur | G15: Rajasthan | H15: Female | I15: 2678 | J15: 567 | K15: 1518426
B16: Zenith Construction Co. | C16: Electronic | D16: Speaker | E16: West | F16: Surat | G16: Gujarat | H16: Female | I16: 1631 | J16: 508 | K16: 828548
B17: Radiant Health Systems | C17: Electronic | D17: Speaker | E17: North | F17: Lucknow | G17: Uttar Pradesh | H17: Female | I17: 4171 | J17: 643 | K17: 2681953
B18: Divine Creations | C18: Electronic | D18: Speaker | E18: North | F18: Kanpur | G18: Uttar Pradesh | H18: Female | I18: 4283 | J18: 804 | K18: 3443532
B19: Metro Tech Solutions | C19: Electronic | D19: Speaker | E19: West | F19: Nagpur | G19: Maharashtra | H19: Female | I19: 4249 | J19: 842 | K19: 3577658
B20: True Path Logistics | C20: Electronic | D20: Speaker | E20: Central | F20: Indore | G20: Madhya Pradesh | H20: Female | I20: 1902 | J20: 671 | K20: 1276242
B21: Prestige Automobiles | C21: Electronic | D21: TV | E21: North | F21: Meerut | G21: Uttar Pradesh | H21: Male | I21: 9633 | J21: 891 | K21: 8583003
B22: Elite Marketing Solutions | C22: Electronic | D22: TV | E22: South | F22: Coimbatore | G22: Tamil Nadu | H22: Male | I22: 4332 | J22: 858 | K22: 3716856
B23: Natural Bliss Beverages | C23: Electronic | D23: TV | E23: South | F23: Madurai | G23: Tamil Nadu | H23: Male | I23: 1995 | J23: 897 | K23: 1789515
... B117: Harmony Ventures Group | C117: Electronic | D117: Laptop | E117: West | F117: Vadodara | G117: Gujarat | H117: Female | I117: 9561 | J117: 674 | K117: 6444114

Sheet Dget
A1: Name | B1: Gender | C1: State
A2: Harmony Foods | B2: =DGET(actual!$A$1:$J$331,Dget!B1,$A$1:A2) -> Male | C2: =DGET(actual!$A$1:$J$331,Dget!C1,$A$1:B2) -> Maharashtra

Sheet Dsum
A1: ='Index + Match '!A1 -> Name | B1: Month | F1: Month
A2: ='Index + Match '!A2 -> Harmony Foods | B2: January | E2: {=_xlfn.UNIQUE('Duplicate actual'!C2:C437)} -> January | F2: January
E3: February
A4: Dsum | E4: March
A5: =DSUM('Duplicate actual'!$B$1:$L$437,'Duplicate actual'!$L$1,Dsum!$A$1:$B$2) -> 4966948 | E5: April
E6: May
E7: June
E8: July
E9: August
E10: September
E11: October
E12: November
E13: December

Sheet Large ,small
A1: Party Names | B1: Sales | F1: Rank | G1: Number | I1: Rank | J1: Number
A2: Harmony Foods | B2: 993659 | F2: 1 | G2: {=LARGE($B$2:$B$21,F2:F6)} -> 995011 | I2: 1 | J2: {=SMALL($B$2:$B$21,I2:I6)} -> 508792
A3: Pure Essence Skincare | B3: 564252 | F3: 2 | G3: 993659 | I3: 2 | J3: 564252
A4: Zenith Construction Co. | B4: 898645 | F4: 3 | G4: 950637 | I4: 3 | J4: 568913
A5: Radiant Health Systems | B5: 783469 | F5: 4 | G5: 918994 | I5: 4 | J5: 576924
A6: Divine Creations | B6: 821743 | F6: 5 | G6: 898645 | I6: 5 | J6: 608609
A7: Metro Tech Solutions | B7: 568913
A8: True Path Logistics | B8: 609456
A9: Sacred Roots Apparel | B9: 608609
A10: Quantum Finance Services | B10: 950637
A11: Brilliant Minds Academy | B11: 995011
A12: Visionary Holdings | B12: 746424
A13: Stellar Design Studio | B13: 508792
A14: Classic Cuisines | B14: 576924
A15: Bold Ventures | B15: 674474
A16: Prestige Automobiles | B16: 743014
A17: Elite Marketing Solutions | B17: 720461
A18: Natural Bliss Beverages | B18: 797708
... A21: Heritage Crafts | B21: 898245

Sheet Sequence
C1: {=_xlfn.SEQUENCE(2500)} -> 1 | E1: {=_xlfn.SEQUENCE(10, 30,TODAY(),1)} -> 46035 | F1: 46036 | G1: 46037 | H1: 46038 | I1: 46039 | J1: 46040 | K1: 46041 | L1: 46042 | M1: 46043 | N1: 46044 | O1: 46045 | P1: 46046 | Q1: 46047 | R1: 46048 | S1: 46049 | T1: 46050 | U1: 46051 | V1: 46052 | W1: 46053 | X1: 46054 | Y1: 46055 | Z1: 46056 | AA1: 46057 | AB1: 46058 | AC1: 46059 | AD1: 46060 | AE1: 46061 | AF1: 46062 | AG1: 46063 | AH1: 46064
C2: 2 | E2: 46065 | F2: 46066 | G2: 46067 | H2: 46068 | I2: 46069 | J2: 46070 | K2: 46071 | L2: 46072 | M2: 46073 | N2: 46074 | O2: 46075 | P2: 46076 | Q2: 46077 | R2: 46078 | S2: 46079 | T2: 46080 | U2: 46081 | V2: 46082 | W2: 46083 | X2: 46084 | Y2: 46085 | Z2: 46086 | AA2: 46087 | AB2: 46088 | AC2: 46089 | AD2: 46090 | AE2: 46091 | AF2: 46092 | AG2: 46093 | AH2: 46094
C3: 3 | E3: 46095 | F3: 46096 | G3: 46097 | H3: 46098 | I3: 46099 | J3: 46100 | K3: 46101 | L3: 46102 | M3: 46103 | N3: 46104 | O3: 46105 | P3: 46106 | Q3: 46107 | R3: 46108 | S3: 46109 | T3: 46110 | U3: 46111 | V3: 46112 | W3: 46113 | X3: 46114 | Y3: 46115 | Z3: 46116 | AA3: 46117 | AB3: 46118 | AC3: 46119 | AD3: 46120 | AE3: 46121 | AF3: 46122 | AG3: 46123 | AH3: 46124
C4: 4 | E4: 46125 | F4: 46126 | G4: 46127 | H4: 46128 | I4: 46129 | J4: 46130 | K4: 46131 | L4: 46132 | M4: 46133 | N4: 46134 | O4: 46135 | P4: 46136 | Q4: 46137 | R4: 46138 | S4: 46139 | T4: 46140 | U4: 46141 | V4: 46142 | W4: 46143 | X4: 46144 | Y4: 46145 | Z4: 46146 | AA4: 46147 | AB4: 46148 | AC4: 46149 | AD4: 46150 | AE4: 46151 | AF4: 46152 | AG4: 46153 | AH4: 46154
C5: 5 | E5: 46155 | F5: 46156 | G5: 46157 | H5: 46158 | I5: 46159 | J5: 46160 | K5: 46161 | L5: 46162 | M5: 46163 | N5: 46164 | O5: 46165 | P5: 46166 | Q5: 46167 | R5: 46168 | S5: 46169 | T5: 46170 | U5: 46171 | V5: 46172 | W5: 46173 | X5: 46174 | Y5: 46175 | Z5: 46176 | AA5: 46177 | AB5: 46178 | AC5: 46179 | AD5: 46180 | AE5: 46181 | AF5: 46182 | AG5: 46183 | AH5: 46184
C6: 6 | E6: 46185 | F6: 46186 | G6: 46187 | H6: 46188 | I6: 46189 | J6: 46190 | K6: 46191 | L6: 46192 | M6: 46193 | N6: 46194 | O6: 46195 | P6: 46196 | Q6: 46197 | R6: 46198 | S6: 46199 | T6: 46200 | U6: 46201 | V6: 46202 | W6: 46203 | X6: 46204 | Y6: 46205 | Z6: 46206 | AA6: 46207 | AB6: 46208 | AC6: 46209 | AD6: 46210 | AE6: 46211 | AF6: 46212 | AG6: 46213 | AH6: 46214
C7: 7 | E7: 46215 | F7: 46216 | G7: 46217 | H7: 46218 | I7: 46219 | J7: 46220 | K7: 46221 | L7: 46222 | M7: 46223 | N7: 46224 | O7: 46225 | P7: 46226 | Q7: 46227 | R7: 46228 | S7: 46229 | T7: 46230 | U7: 46231 | V7: 46232 | W7: 46233 | X7: 46234 | Y7: 46235 | Z7: 46236 | AA7: 46237 | AB7: 46238 | AC7: 46239 | AD7: 46240 | AE7: 46241 | AF7: 46242 | AG7: 46243 | AH7: 46244
C8: 8 | E8: 46245 | F8: 46246 | G8: 46247 | H8: 46248 | I8: 46249 | J8: 46250 | K8: 46251 | L8: 46252 | M8: 46253 | N8: 46254 | O8: 46255 | P8: 46256 | Q8: 46257 | R8: 46258 | S8: 46259 | T8: 46260 | U8: 46261 | V8: 46262 | W8: 46263 | X8: 46264 | Y8: 46265 | Z8: 46266 | AA8: 46267 | AB8: 46268 | AC8: 46269 | AD8: 46270 | AE8: 46271 | AF8: 46272 | AG8: 46273 | AH8: 46274
C9: 9 | E9: 46275 | F9: 46276 | G9: 46277 | H9: 46278 | I9: 46279 | J9: 46280 | K9: 46281 | L9: 46282 | M9: 46283 | N9: 46284 | O9: 46285 | P9: 46286 | Q9: 46287 | R9: 46288 | S9: 46289 | T9: 46290 | U9: 46291 | V9: 46292 | W9: 46293 | X9: 46294 | Y9: 46295 | Z9: 46296 | AA9: 46297 | AB9: 46298 | AC9: 46299 | AD9: 46300 | AE9: 46301 | AF9: 46302 | AG9: 46303 | AH9: 46304
C10: 10 | E10: 46305 | F10: 46306 | G10: 46307 | H10: 46308 | I10: 46309 | J10: 46310 | K10: 46311 | L10: 46312 | M10: 46313 | N10: 46314 | O10: 46315 | P10: 46316 | Q10: 46317 | R10: 46318 | S10: 46319 | T10: 46320 | U10: 46321 | V10: 46322 | W10: 46323 | X10: 46324 | Y10: 46325 | Z10: 46326 | AA10: 46327 | AB10: 46328 | AC10: 46329 | AD10: 46330 | AE10: 46331 | AF10: 46332 | AG10: 46333 | AH10: 46334
C11: 11
C12: 12
C13: 13
C14: 14
C15: 15
C16: 16
C17: 17
C18: 18
C19: 19
C20: 20
C21: 21
C22: 22
... C2500: 2500

Sheet Sumifs
A1: Party Name | B1: January | C1: February | D1: March | E1: April | F1: May | G1: June | H1: July | I1: August | J1: September | K1: October | L1: November | M1: December | N1: Total
A2: Bharat Innovations | B2: {=SUMIFS('Duplicate actual'!$L$2:$L$437,'Duplicate actual'!$B$2:$B$437,Sumifs!A2:A325,'Duplicate actual'!$C$2:$C$437,Sumifs!B1:M1)} -> 3360636 | C2: 0 | D2: 0 | E2: 0 | F2: 0 | G2: 0 | H2: 0 | I2: 0 | J2: 0 | K2: 0 | L2: 0 | M2: 0 | N2: =SUM($B2:$L2) -> 3360636
A3: Green Leaf Enterprises | B3: 4645386 | C3: 0 | D3: 0 | E3: 0 | F3: 0 | G3: 0 | H3: 0 | I3: 0 | J3: 0 | K3: 0 | L3: 0 | M3: 0 | N3: =SUM($B3:$L3) -> 4645386
A4: Urban Pulse Technologies | B4: 1523865 | C4: 0 | D4: 0 | E4: 0 | F4: 0 | G4: 0 | H4: 0 | I4: 0 | J4: 0 | K4: 0 | L4: 0 | M4: 0 | N4: =SUM($B4:$L4) -> 1523865
A5: Mystic India Exports | B5: 3566605 | C5: 0 | D5: 0 | E5: 0 | F5: 0 | G5: 0 | H5: 0 | I5: 0 | J5: 0 | K5: 0 | L5: 0 | M5: 0 | N5: =SUM($B5:$L5) -> 3566605
A6: Golden Horizon Ventures | B6: 3745491 | C6: 0 | D6: 0 | E6: 0 | F6: 0 | G6: 0 | H6: 0 | I6: 0 | J6: 0 | K6: 0 | L6: 0 | M6: 0 | N6: =SUM($B6:$L6) -> 3745491
A7: Eternal Traditions | B7: 4064994 | C7: 0 | D7: 0 | E7: 0 | F7: 0 | G7: 0 | H7: 0 | I7: 0 | J7: 0 | K7: 0 | L7: 0 | M7: 0 | N7: =SUM($B7:$L7) -> 4064994
A8: Apex Solutions | B8: 5541240 | C8: 0 | D8: 0 | E8: 0 | F8: 0 | G8: 0 | H8: 0 | I8: 0 | J8: 0 | K8: 0 | L8: 0 | M8: 0 | N8: =SUM($B8:$L8) -> 5541240
A9: Crystal Waters Resort | B9: 8137188 | C9: 16274376 | D9: 0 | E9: 0 | F9: 0 | G9: 0 | H9: 0 | I9: 0 | J9: 0 | K9: 0 | L9: 0 | M9: 0 | N9: =SUM($B9:$L9) -> 24411564
A10: Excellence Tutors | B10: 3544944 | C10: 7089888 | D10: 0 | E10: 0 | F10: 0 | G10: 0 | H10: 0 | I10: 0 | J10: 0 | K10: 0 | L10: 0 | M10: 0 | N10: =SUM($B10:$L10) -> 10634832
A11: Horizon Builders | B11: 9233430 | C11: 18466860 | D11: 0 | E11: 0 | F11: 0 | G11: 0 | H11: 0 | I11: 0 | J11: 0 | K11: 0 | L11: 0 | M11: 0 | N11: =SUM($B11:$L11) -> 27700290
A12: Synergy Tech Solutions | B12: 7545720 | C12: 15091440 | D12: 0 | E12: 0 | F12: 0 | G12: 0 | H12: 0 | I12: 0 | J12: 0 | K12: 0 | L12: 0 | M12: 0 | N12: =SUM($B12:$L12) -> 22637160
A13: Classic Heritage Crafts | B13: 4431556 | C13: 8863112 | D13: 0 | E13: 0 | F13: 0 | G13: 0 | H13: 0 | I13: 0 | J13: 0 | K13: 0 | L13: 0 | M13: 0 | N13: =SUM($B13:$L13) -> 13294668
A14: Prime Focus Media | B14: 6126372 | C14: 12252744 | D14: 0 | E14: 0 | F14: 0 | G14: 0 | H14: 0 | I14: 0 | J14: 0 | K14: 0 | L14: 0 | M14: 0 | N14: =SUM($B14:$L14) -> 18379116
... A325: Legacy Health Co. | B325: 0 | C325: 0 | D325: 0 | E325: 0 | F325: 0 | G325: 0 | H325: 0 | I325: 0 | J325: 3425638 | K325: 0 | L325: 0 | M325: 0 | N325: =SUM($B325:$L325) -> 3425638

Sheet Flashfill
B2: Flash Fill
B4: Names | C4: First Name | D4: Last Name | H4: Names | I4: Email
B5: Aarav Sharma | C5: Aarav | D5: Sharma | H5: Aarav Sharma | I5: aaravsharma@gmail.com
B6: Priya Kapoor | C6: Priya | D6: Kapoor | H6: Priya Kapoor | I6: priyakapoor@gmail.com
B7: Rohan Gupta | C7: Rohan | D7: Gupta | H7: Rohan Gupta | I7: rohangupta@gmail.com
B8: Neha Desai | C8: Neha | D8: Desai | H8: Neha Desai | I8: nehadesai@gmail.com
B9: Vijay Patel | C9: Vijay | D9: Patel | H9: Vijay Patel | I9: vijaypatel@gmail.com
B10: Ananya Iyer | C10: Ananya | D10: Iyer | H10: Ananya Iyer | I10: ananyaiyer@gmail.com
B11: Arjun Rao | C11: Arjun | D11: Rao | H11: Arjun Rao | I11: arjunrao@gmail.com
B12: Sneha Mehta | C12: Sneha | D12: Mehta | H12: Sneha Mehta | I12: snehamehta@gmail.com
B13: Karthik Reddy | C13: Karthik | D13: Reddy | H13: Karthik Reddy | I13: karthikreddy@gmail.com
B14: Simran Choudhury | C14: Simran | D14: Choudhury | H14: Simran Choudhury | I14: simranchoudhury@gmail.com
B15: Rajesh Kumar | C15: Rajesh | D15: Kumar | H15: Rajesh Kumar | I15: rajeshkumar@gmail.com
... B24: Deepika Agarwal | C24: Deepika | D24: Agarwal | H24: Deepika Agarwal | I24: deepikaagarwal@gmail.com

Sheet Edate
B2: Edate
B4: Date | C4: Months | D4: Edate | H4: Date | I4: Months | J4: Edate
B5: 45680 | C5: 2 | D5: =EDATE(B5,C5) -> 45739 | H5: 45680 | I5: 2 | J5: =EDATE(H5,-I5) -> 45619
B6: 45702 | C6: 3 | D6: =EDATE(B6,C6) -> 45791 | H6: 45702 | I6: 3 | J6: =EDATE(H6,-I6) -> 45610
B7: 45723 | C7: 5 | D7: =EDATE(B7,C7) -> 45876 | H7: 45723 | I7: 5 | J7: =EDATE(H7,-I7) -> 45572
B8: 45766 | C8: 9 | D8: =EDATE(B8,C8) -> 46041 | H8: 45766 | I8: 9 | J8: =EDATE(H8,-I8) -> 45492
B9: 45788 | C9: 6 | D9: =EDATE(B9,C9) -> 45972 | H9: 45788 | I9: 6 | J9: =EDATE(H9,-I9) -> 45607
B10: 45833 | C10: 2 | D10: =EDATE(B10,C10) -> 45894 | H10: 45833 | I10: 2 | J10: =EDATE(H10,-I10) -> 45772
B11: 45868 | C11: 1 | D11: =EDATE(B11,C11) -> 45899 | H11: 45868 | I11: 1 | J11: =EDATE(H11,-I11) -> 45838
B12: 45878 | C12: 2 | D12: =EDATE(B12,C12) -> 45939 | H12: 45878 | I12: 2 | J12: =EDATE(H12,-I12) -> 45817
B13: 45916 | C13: 3 | D13: =EDATE(B13,C13) -> 46007 | H13: 45916 | I13: 3 | J13: =EDATE(H13,-I13) -> 45824
B14: 45933 | C14: 1 | D14: =EDATE(B14,C14) -> 45964 | H14: 45933 | I14: 1 | J14: =EDATE(H14,-I14) -> 45903

Sheet Workdays
C2: Workday & Workday.INTl
C4: Date | D4: Days | E4: Workday | I4: Date | J4: Days | K4: Workday.intl
C5: 45680 | D5: 10 | E5: =WORKDAY(C5,D5) -> 45694 | I5: 45680 | J5: 10 | K5: =WORKDAY.INTL(I5,J5,11) -> 45692
C6: 45702 | D6: 50 | E6: =WORKDAY(C6,D6) -> 45772 | I6: 45702 | J6: 50 | K6: =WORKDAY.INTL(I6,J6,11) -> 45761
C7: 45723 | D7: 40 | E7: =WORKDAY(C7,D7) -> 45779 | I7: 45723 | J7: 40 | K7: =WORKDAY.INTL(I7,J7,11) -> 45770
C8: 45766 | D8: 60 | E8: =WORKDAY(C8,D8) -> 45849 | I8: 45766 | J8: 60 | K8: =WORKDAY.INTL(I8,J8,11) -> 45836
C9: 45788 | D9: 20 | E9: =WORKDAY(C9,D9) -> 45814 | I9: 45788 | J9: 20 | K9: =WORKDAY.INTL(I9,J9,11) -> 45811
C10: 45833 | D10: 30 | E10: =WORKDAY(C10,D10) -> 45875 | I10: 45833 | J10: 30 | K10: =WORKDAY.INTL(I10,J10,11) -> 45868
C11: 45868 | D11: 45 | E11: =WORKDAY(C11,D11) -> 45931 | I11: 45868 | J11: 45 | K11: =WORKDAY.INTL(I11,J11,11) -> 45920
C12: 45878 | D12: 50 | E12: =WORKDAY(C12,D12) -> 45947 | I12: 45878 | J12: 50 | K12: =WORKDAY.INTL(I12,J12,11) -> 45937
C13: 45916 | D13: 20 | E13: =WORKDAY(C13,D13) -> 45944 | I13: 45916 | J13: 20 | K13: =WORKDAY.INTL(I13,J13,11) -> 45939
C14: 45933 | D14: 10 | E14: =WORKDAY(C14,D14) -> 45947 | I14: 45933 | J14: 10 | K14: =WORKDAY.INTL(I14,J14,11) -> 45945

Sheet Netwrokdays
C2: Workday & Workday.INTl
C4: Start Date | D4: End date | E4: Networkdays | I4: Start Date | J4: End Date | K4: Networkdays.INTL
C5: 45680 | D5: 45800 | E5: =NETWORKDAYS(C5,D5) -> 87 | I5: 45680 | J5: 45800 | K5: =NETWORKDAYS.INTL(I5,J5,1) -> 87
C6: 45702 | D6: 45795 | E6: =NETWORKDAYS(C6,D6) -> 66 | I6: 45702 | J6: 45795 | K6: =NETWORKDAYS.INTL(I6,J6,1) -> 66
C7: 45723 | D7: 45857 | E7: =NETWORKDAYS(C7,D7) -> 96 | I7: 45723 | J7: 45857 | K7: =NETWORKDAYS.INTL(I7,J7,1) -> 96
C8: 45766 | D8: 46016 | E8: =NETWORKDAYS(C8,D8) -> 179 | I8: 45766 | J8: 46016 | K8: =NETWORKDAYS.INTL(I8,J8,1) -> 179
C9: 45788 | D9: 45916 | E9: =NETWORKDAYS(C9,D9) -> 92 | I9: 45788 | J9: 45916 | K9: =NETWORKDAYS.INTL(I9,J9,1) -> 92
C10: 45833 | D10: 46037 | E10: =NETWORKDAYS(C10,D10) -> 147 | I10: 45833 | J10: 46037 | K10: =NETWORKDAYS.INTL(I10,J10,1) -> 147
C11: 45868 | D11: 46068 | E11: =NETWORKDAYS(C11,D11) -> 143 | I11: 45868 | J11: 46068 | K11: =NETWORKDAYS.INTL(I11,J11,1) -> 143
C12: 45878 | D12: 46006 | E12: =NETWORKDAYS(C12,D12) -> 91 | I12: 45878 | J12: 46006 | K12: =NETWORKDAYS.INTL(I12,J12,1) -> 91
C13: 45916 | D13: 46010 | E13: =NETWORKDAYS(C13,D13) -> 69 | I13: 45916 | J13: 46010 | K13: =NETWORKDAYS.INTL(I13,J13,1) -> 69
C14: 45933 | D14: 46034 | E14: =NETWORKDAYS(C14,D14) -> 72 | I14: 45933 | J14: 46034 | K14: =NETWORKDAYS.INTL(I14,J14,1) -> 72
